Location,X,Y
B1,-111.627354,33.827303
P1,-112.269808,33.85138
P4,-112.286888,33.875898
S1,-111.535974,33.56895
S2,-111.533431,33.575564
S5, -111.532938,33.57477
